"Chave do BOM";"Produto";"Descricao";"Versao do BOM";"Versao da formula em uso";"Existe BOM da versao em uso?";"Status do BOM";"Itens";"Situacao"
"AMABBS02__v1";"AMABBS02";"BODY MIST JARDINS DO ORIENTE";"v1";"(produto sem formula)";"";"";"6";"BOM de produto sem formula cadastrada"
"AMABBS03__v1";"AMABBS03";"BODY MIST FLOR DO DESERTO";"v1";"(produto sem formula)";"";"";"6";"BOM de produto sem formula cadastrada"
"AMABBS04__v1";"AMABBS04";"BODY MIST PEROLA DO DESERTO";"v1";"(produto sem formula)";"";"";"6";"BOM de produto sem formula cadastrada"
"AMABBS05__v1";"AMABBS05";"BODY MIST ROSA IMPERIAL";"v1";"(produto sem formula)";"";"";"5";"BOM de produto sem formula cadastrada"
"AMABBS06__v1";"AMABBS06";"BODY MIST ENCANTO PERSA";"v1";"(produto sem formula)";"";"";"6";"BOM de produto sem formula cadastrada"
"AMABBS07__v1";"AMABBS07";"BODY MIST MEL DE ESPECIARIAS";"v1";"(produto sem formula)";"";"";"5";"BOM de produto sem formula cadastrada"
"AMABBS08__v1";"AMABBS08";"BODY MIST RARO ELIXIR";"v1";"(produto sem formula)";"";"";"6";"BOM de produto sem formula cadastrada"
"AMABHD02__v1";"AMABHD02";"BODY CREAM JARDINS DO ORIENTE";"v1";"(produto sem formula)";"";"";"5";"BOM de produto sem formula cadastrada"
"AMABHD03__v1";"AMABHD03";"BODY CREAM FLOR DO DESERTO";"v1";"(produto sem formula)";"";"";"5";"BOM de produto sem formula cadastrada"
"AMCLBS01__v1";"AMCLBS01";"BODY MIST BELISSIMA ESSENZA";"v1";"(produto sem formula)";"";"";"6";"BOM de produto sem formula cadastrada"
"AMCLBS02__v1";"AMCLBS02";"BODY MIST CHARME FATAL";"v1";"(produto sem formula)";"";"";"5";"BOM de produto sem formula cadastrada"
"AMCLBS03__v1";"AMCLBS03";"BODY MIST DOCE BRISA";"v1";"(produto sem formula)";"";"";"6";"BOM de produto sem formula cadastrada"
"AMCLBS04__v1";"AMCLBS04";"BODY MIST MISTERIO INFINITO";"v1";"(produto sem formula)";"";"";"6";"BOM de produto sem formula cadastrada"
"AMCLBS05__v1";"AMCLBS05";"BODY MIST NEVOA ENCANTADA";"v1";"(produto sem formula)";"";"";"6";"BOM de produto sem formula cadastrada"
"AMCLBS06__v1";"AMCLBS06";"BODY MIST INTENSA PAIXAO";"v1";"(produto sem formula)";"";"";"6";"BOM de produto sem formula cadastrada"
"AMCLBS07__v1";"AMCLBS07";"BODY MIST FLOR DE CRISTAL";"v1";"(produto sem formula)";"";"";"6";"BOM de produto sem formula cadastrada"
"AMCLBS08__v1";"AMCLBS08";"BODY MIST ESTRELA RADIANTE";"v1";"(produto sem formula)";"";"";"6";"BOM de produto sem formula cadastrada"
"AMCLHD01__v1";"AMCLHD01";"BODY CREAM BELISSIMA ESSENZA";"v1";"(produto sem formula)";"";"";"5";"BOM de produto sem formula cadastrada"
"AMCLHD02__v1";"AMCLHD02";"BODY CREAM CHARME FATAL";"v1";"(produto sem formula)";"";"";"5";"BOM de produto sem formula cadastrada"
"AMCLHD03__v1";"AMCLHD03";"BODY CREAM DOCE BRISA";"v1";"(produto sem formula)";"";"";"5";"BOM de produto sem formula cadastrada"
"AMCLHD04__v1";"AMCLHD04";"BODY CREAM MISTERIO INFINITO";"v1";"(produto sem formula)";"";"";"5";"BOM de produto sem formula cadastrada"
"AMCLHD05__v1";"AMCLHD05";"BODY CREAM NEVOA ENCANTADA";"v1";"(produto sem formula)";"";"";"5";"BOM de produto sem formula cadastrada"
"AMCLHD06__v1";"AMCLHD06";"BODY CREAM  INTENSA PAIXAO";"v1";"(produto sem formula)";"";"";"5";"BOM de produto sem formula cadastrada"
"AMCLHD07__v1";"AMCLHD07";"BODY CREAM FLOR DE CRISTAL";"v1";"(produto sem formula)";"";"";"5";"BOM de produto sem formula cadastrada"
"AMCLHD08__v1";"AMCLHD08";"BODY CREAM ESTRELA RADIANTE";"v1";"(produto sem formula)";"";"";"5";"BOM de produto sem formula cadastrada"
"AMNCBS01__v1";"AMNCBS01";"BODY MIST BAUNILHA SELVAGEM";"v1";"(produto sem formula)";"";"";"5";"BOM de produto sem formula cadastrada"
"AMNCBS02__v1";"AMNCBS02";"BODY MIST VERDE SUPREMO";"v1";"(produto sem formula)";"";"";"6";"BOM de produto sem formula cadastrada"
"AMNCBS03__v1";"AMNCBS03";"BODY MIST SONHO DE PISTACHE";"v1";"(produto sem formula)";"";"";"6";"BOM de produto sem formula cadastrada"
"AMNCBS04__v1";"AMNCBS04";"BODY MIST DOCE ROSA";"v1";"(produto sem formula)";"";"";"6";"BOM de produto sem formula cadastrada"
"AMNCBS05__v1";"AMNCBS05";"BODY MIST FRESCOR LICHIA";"v1";"(produto sem formula)";"";"";"6";"BOM de produto sem formula cadastrada"
"AMNCBS06__v1";"AMNCBS06";"BODY MIST NECTAR DA PERA";"v1";"(produto sem formula)";"";"";"6";"BOM de produto sem formula cadastrada"
"AMNCBS07__v1";"AMNCBS07";"BODY MIST BOUQUET CARMIM";"v1";"(produto sem formula)";"";"";"6";"BOM de produto sem formula cadastrada"
"AMNCBS08__v1";"AMNCBS08";"BODY MIST SUBLIME CEREJA";"v1";"(produto sem formula)";"";"";"6";"BOM de produto sem formula cadastrada"
"AMNCHD01__v1";"AMNCHD01";"BODY CREAM BAUNILHA SELVAGEM";"v1";"(produto sem formula)";"";"APROVADA";"5";"BOM de produto sem formula cadastrada"
"AMNCHD02__v1";"AMNCHD02";"BODY CREAM VERDE SUPREMO";"v1";"(produto sem formula)";"";"";"5";"BOM de produto sem formula cadastrada"
"AMNCHD04__v1";"AMNCHD04";"BODY CREAM DOCE ROSA";"v1";"(produto sem formula)";"";"";"5";"BOM de produto sem formula cadastrada"
"AMNCHD05__v1";"AMNCHD05";"BODY CREAM FRESCOR LICHIA";"v1";"(produto sem formula)";"";"";"5";"BOM de produto sem formula cadastrada"
"AMNCHD06__v1";"AMNCHD06";"BODY CREAM NECTAR DA PERA";"v1";"(produto sem formula)";"";"";"5";"BOM de produto sem formula cadastrada"
"AMNCHD07__v1";"AMNCHD07";"BODY CREAM BOUQUET CARMIM";"v1";"(produto sem formula)";"";"";"5";"BOM de produto sem formula cadastrada"
"BBSJBS01-2__v1";"BBSJBS01-2";"BODY SPLASH SOL TROPICAL 61 120ML";"v1";"(produto sem formula)";"";"";"6";"BOM de produto sem formula cadastrada"
"BBSJBS03-2__v1";"BBSJBS03-2";"BODY SPLASH LUNAR 120ML";"v1";"V1";"NAO";"";"5";"A FORMULA EM USO NAO TEM BOM DESSA VERSAO (a conta usa BOM vazio): criar/copiar o BOM da versao V1"
"BBSJBS03__v1";"BBSJBS03";"BODY SPLASH LUNAR 200ML";"v1";"(produto sem formula)";"";"";"4";"BOM de produto sem formula cadastrada"
"BBSJPF01__v1";"BBSJPF01";"PERFUME CAPILAR SOL TROPICAL 61";"v1";"v2";"sim";"";"3";"Versao antiga/duplicada: pode virar OBSOLETA"
"BBSJPF02__v1";"BBSJPF02";"PERFUME CAPILAR SOL TROPICAL 86";"v1";"v2";"sim";"";"5";"Versao antiga/duplicada: pode virar OBSOLETA"
"BSP-SEUN-0001__v1";"BSP-SEUN-0001";"";"v1";"(produto sem formula)";"";"";"5";"BOM de produto sem formula cadastrada"
"CMOC0001__v1";"CMOC0001";"OLEO CAPILAR CAMIE BEAUTY 60ML";"v1";"(produto sem formula)";"";"";"4";"BOM de produto sem formula cadastrada"
"DPGLES03__v1";"DPGLES03";"ESFOLIANTE GLOW NOITE DE GLAMOUR";"v1";"(produto sem formula)";"";"";"6";"BOM de produto sem formula cadastrada"
"DPHNPC01__v1";"DPHNPC01";"PERFUME CAPILAR HONEY";"v1";"V1";"NAO";"";"5";"A FORMULA EM USO NAO TEM BOM DESSA VERSAO (a conta usa BOM vazio): criar/copiar o BOM da versao V1"
"DPMTBS01__v1";"DPMTBS01";"BODY SPLASH MATTE DOCE SEDUÇÃO";"v1";"v2";"sim";"";"4";"Versao antiga/duplicada: pode virar OBSOLETA"
"FBBS0006__v1";"FBBS0006";"BODY SPLASH ROUGE OUT 200ML";"v1";"(produto sem formula)";"";"";"4";"BOM de produto sem formula cadastrada"
"FBPF0001__v1";"FBPF0001";"PERFUME RAFINATTO 100ML";"v1";"(produto sem formula)";"";"";"4";"BOM de produto sem formula cadastrada"
"FBPF0002__v1";"FBPF0002";"PERFUME OSTINATO 100ML";"v1";"(produto sem formula)";"";"";"4";"BOM de produto sem formula cadastrada"
"HDR-MISS-0002__v1";"HDR-MISS-0002";"HIDRATANTE LEAO DO DESERTO BOURBON 200g";"v1";"V1";"sim";"";"4";"Versao antiga/duplicada: pode virar OBSOLETA"
"HDR-MISS-0003__v1";"HDR-MISS-0003";"HIDRATANTE FORCA DO LEAO 200g";"v1";"V1";"sim";"";"4";"Versao antiga/duplicada: pode virar OBSOLETA"
"HDR-MISS-0006__V1";"HDR-MISS-0006";"HIDRATANTE ROSA RAINHA 200g";"V1";"v3";"sim";"APROVADA";"4";"Versao antiga/duplicada: pode virar OBSOLETA"
"HDR-MISS-0007__v1";"HDR-MISS-0007";"HIDRATANTE FLOR DAURA 200g";"v1";"V1";"sim";"";"4";"Versao antiga/duplicada: pode virar OBSOLETA"
"IBARHD01__v1";"IBARHD01";"LOÇÃO HIDRATANTE SAIND";"v1";"(produto sem formula)";"";"";"12";"BOM de produto sem formula cadastrada"
"KUBPBA01__v1";"KUBPBA01";"BASE PARA PERFUME FINA BASE 1L";"v1";"v2";"sim";"";"0";"Versao antiga/duplicada: pode virar OBSOLETA"
"MRARBS10__v1";"MRARBS10";"BODY SPLASH AMBAR REAL 200ML";"v1";"V1";"sim";"";"5";"Versao antiga/duplicada: pode virar OBSOLETA"
"MRARBS11__v1";"MRARBS11";"BODY SPLASH ROSA RAINHA 200ML";"v1";"v10";"sim";"";"5";"Versao antiga/duplicada: pode virar OBSOLETA"
"MRBR0001__v1";"MRBR0001";"BRUMA MATTE FIX 120ML";"v1";"v2";"sim";"APROVADA";"6";"Versao antiga/duplicada: pode virar OBSOLETA"
"MRFX0001__v1";"MRFX0001";"FIXADOR FIX MATTE 120ML";"v1";"v2";"sim";"APROVADA";"4";"Versao antiga/duplicada: pode virar OBSOLETA"
"PEL-SEUN-0001__v2";"PEL-SEUN-0001";"AGUA DE BELEZA 50ML";"v2";"v1";"sim";"RASCUNHO";"3";"Versao antiga/duplicada: pode virar OBSOLETA"
"PRF-AFEE-0003__v1";"PRF-AFEE-0003";"PERFUME ASAD AFEER 30ML";"v1";"V2";"sim";"";"8";"Versao antiga/duplicada: pode virar OBSOLETA"
"PRF-AFEE-0004__v1";"PRF-AFEE-0004";"PERFUME ASAD ELIXIR 30ML";"v1";"V2";"sim";"";"8";"Versao antiga/duplicada: pode virar OBSOLETA"
"PRF-AFEE-0006__v1";"PRF-AFEE-0006";"PERFUME BAD ANGEL 30ML";"v1";"V2";"sim";"";"8";"Versao antiga/duplicada: pode virar OBSOLETA"
"PRF-AFEE-0008__v1";"PRF-AFEE-0008";"PERFUME SHARIS 30ML";"v1";"V2";"sim";"";"8";"Versao antiga/duplicada: pode virar OBSOLETA"
"PRF-AFEE-0014__v1";"PRF-AFEE-0014";"PERFUME ZAFIYR 30ML";"v1";"V2";"NAO";"";"8";"A FORMULA EM USO NAO TEM BOM DESSA VERSAO (a conta usa BOM vazio): criar/copiar o BOM da versao V2"
"PRF-AFEE-0015__v1";"PRF-AFEE-0015";"PERFUME DELILAH 30ML";"v1";"V2";"sim";"";"8";"Versao antiga/duplicada: pode virar OBSOLETA"
"PRF-AFEE-0016__v1";"PRF-AFEE-0016";"PERFUME YARA 30ML";"v1";"V2";"sim";"";"8";"Versao antiga/duplicada: pode virar OBSOLETA"
"PRF-AFEE-0017__v1";"PRF-AFEE-0017";"PERFUME YARA ELIXIR 30ML";"v1";"V2";"sim";"";"8";"Versao antiga/duplicada: pode virar OBSOLETA"
"PRF-AFEE-0018__v1";"PRF-AFEE-0018";"PERFUME SABAH SUGAR 30ML";"v1";"V2";"sim";"";"8";"Versao antiga/duplicada: pode virar OBSOLETA"
"PRF-AFEE-0019__v1";"PRF-AFEE-0019";"PERFUME SABAH AL WARD 30ML";"v1";"V2";"NAO";"";"8";"A FORMULA EM USO NAO TEM BOM DESSA VERSAO (a conta usa BOM vazio): criar/copiar o BOM da versao V2"
"PRF-AFEE-0021__v1";"PRF-AFEE-0021";"PERFUME IZAAH 30ML";"v1";"V2";"sim";"";"8";"Versao antiga/duplicada: pode virar OBSOLETA"
"PRF-AFEE-0025__v1";"PRF-AFEE-0025";"PERFUME ASAD BOURBON 30ML";"v1";"V2";"NAO";"";"8";"A FORMULA EM USO NAO TEM BOM DESSA VERSAO (a conta usa BOM vazio): criar/copiar o BOM da versao V2"
"PRF-AFEE-0026__v1";"PRF-AFEE-0026";"PERFUME ROYAL AMBER 30ML";"v1";"V2";"NAO";"";"8";"A FORMULA EM USO NAO TEM BOM DESSA VERSAO (a conta usa BOM vazio): criar/copiar o BOM da versao V2"
"PRF-AFEE-0027__v1";"PRF-AFEE-0027";"PERFUME MUSAMAM 30ML";"v1";"V2";"NAO";"";"8";"A FORMULA EM USO NAO TEM BOM DESSA VERSAO (a conta usa BOM vazio): criar/copiar o BOM da versao V2"
"PRF-AFEE-0028__v1";"PRF-AFEE-0028";"PERFUME ZANZIBAR 30ML";"v1";"V2";"NAO";"";"8";"A FORMULA EM USO NAO TEM BOM DESSA VERSAO (a conta usa BOM vazio): criar/copiar o BOM da versao V2"
"PRF-AFEE-0029__v1";"PRF-AFEE-0029";"PERFUME SIDORE 30ML";"v1";"V2";"sim";"";"8";"Versao antiga/duplicada: pode virar OBSOLETA"
"PRF-AFEE-0030__v1";"PRF-AFEE-0030";"PERFUME T-GOLD 30ML";"v1";"V2";"NAO";"";"8";"A FORMULA EM USO NAO TEM BOM DESSA VERSAO (a conta usa BOM vazio): criar/copiar o BOM da versao V2"
"PRF-AFEE-0031__v1";"PRF-AFEE-0031";"PERFUME ABELHINHA 30ML";"v1";"V2";"sim";"";"8";"Versao antiga/duplicada: pode virar OBSOLETA"
"PRF-AFEE-0032__v1";"PRF-AFEE-0032";"PERFUME TAWUS 30ML";"v1";"V2";"NAO";"";"8";"A FORMULA EM USO NAO TEM BOM DESSA VERSAO (a conta usa BOM vazio): criar/copiar o BOM da versao V2"
"PRF-AFEE-0033__v1";"PRF-AFEE-0033";"PERFUME LEA 30ML";"v1";"V2";"NAO";"";"8";"A FORMULA EM USO NAO TEM BOM DESSA VERSAO (a conta usa BOM vazio): criar/copiar o BOM da versao V2"
"PRF-BIOF-0002__v1";"PRF-BIOF-0002";"BODY SPLASH B.BALM INFINITY ROUGE VITAMINA E 200ML";"v1";"v2";"sim";"APROVADA";"6";"Versao antiga/duplicada: pode virar OBSOLETA"
"SRM-SEUN-0001__v1";"SRM-SEUN-0001";"SERUM FACIAL 30ML";"v1";"V1";"sim";"";"6";"Versao antiga/duplicada: pode virar OBSOLETA"
"WKBS0002__v1";"WKBS0002";"BODY SPLASH JARDIM DO ORIENTE 120ML";"v1";"v3";"sim";"APROVADA";"4";"Versao antiga/duplicada: pode virar OBSOLETA"
"WKBS0006__v1";"WKBS0006";"BODY SPLASH IDOLA 120ML";"v1";"v3";"sim";"APROVADA";"4";"Versao antiga/duplicada: pode virar OBSOLETA"
"WKBS0006__v2";"WKBS0006";"BODY SPLASH IDOLA 120ML";"v2";"v3";"sim";"APROVADA";"4";"Versao antiga/duplicada: pode virar OBSOLETA"