"Pedido";"SKU";"Produto";"Cliente";"Saldo a produzir";"Entrega PCP";"Motivo";"O que corrigir"
"20";"PRF-PROP-0001";"BASE PARA BODY SPLASH NEUTRO 1L";"KURYOS";"6";"";"Faltam dados pra calcular (volume nominal, densidade de granel ou quantidade).";"Cadastros > Produtos: preencher densidade do granel (e volume/unidade)"
"26";"AGU-SEUN-0001";"AGUA DE BELEZA 100ML";"SEUNOURA";"110";"";"Produto não encontrado no cadastro.";"Cadastros > Produtos: o SKU do pedido nao existe no cadastro (SKU renomeado?)"
"26";"SRM-SEUN-0002";"FIRMADOR 200ML";"SEUNOURA";"1000";"";"Produto não encontrado no cadastro.";"Cadastros > Produtos: o SKU do pedido nao existe no cadastro (SKU renomeado?)"
"26";"ESF-SEUN-0001";"ESFOLIANTE COPORAL 200G";"SEUNOURA";"1000";"";"Sem Fórmula/BOM cadastrada.";"Cadastros > Formulas/BOM: cadastrar a formula e o BOM"
"26";"HID-SEUN-0001";"HIDRATANTE FACIAL 50G";"SEUNOURA";"1000";"";"Produto não encontrado no cadastro.";"Cadastros > Produtos: o SKU do pedido nao existe no cadastro (SKU renomeado?)"
"29";"KUBPBA02";"BASE PARA PERFUME FINA BASE PREMIUM 1LT";"KURYOS";"500";"";"Faltam dados pra calcular (volume nominal, densidade de granel ou quantidade).";"Cadastros > Produtos: preencher densidade do granel (e volume/unidade)"
"0007";"DPGLBS01";"BODY SPLASH GLOW PAIXÃO IRRESISTÍVEL";"DAPOP";"807";"";"Faltam dados pra calcular (volume nominal, densidade de granel ou quantidade).";"Cadastros > Produtos: preencher densidade do granel (e volume/unidade)"
"0007";"DPGLBS03";"BODY SPLASH GLOW NOITE DE GLAMOUR";"DAPOP";"5578";"";"Faltam dados pra calcular (volume nominal, densidade de granel ou quantidade).";"Cadastros > Produtos: preencher densidade do granel (e volume/unidade)"
"0007";"DPHNPC01";"PERFUME CAPILAR HONEY";"DAPOP";"28800";"";"Faltam dados pra calcular (volume nominal, densidade de granel ou quantidade).";"Cadastros > Produtos: preencher densidade do granel (e volume/unidade)"
"0007";"DPMTBS01";"BODY SPLASH MATTE DOCE SEDUÇÃO";"DAPOP";"14400";"";"Faltam dados pra calcular (volume nominal, densidade de granel ou quantidade).";"Cadastros > Produtos: preencher densidade do granel (e volume/unidade)"
"0007";"DPMTBS02";"BODY SPLASH MATTE SORVETE DE BAUNILHA";"DAPOP";"14400";"";"Faltam dados pra calcular (volume nominal, densidade de granel ou quantidade).";"Cadastros > Produtos: preencher densidade do granel (e volume/unidade)"
"0007";"DPMTBS03";"BODY SPLASH MATTE OITAVA MARAVILHA";"DAPOP";"14400";"";"Faltam dados pra calcular (volume nominal, densidade de granel ou quantidade).";"Cadastros > Produtos: preencher densidade do granel (e volume/unidade)"
"0007";"DPGLBS02";"BODY SPLASH GLOW TAÇA DE CHAMPAGNE";"DAPOP";"14400";"";"Faltam dados pra calcular (volume nominal, densidade de granel ou quantidade).";"Cadastros > Produtos: preencher densidade do granel (e volume/unidade)"
"0017";"PRF-AFEE-0001";"PERFUME NUIT ROYALE INTENSE MAN 30ML";"AFEER OF ARABIAN";"3000";"";"Faltam dados pra calcular (volume nominal, densidade de granel ou quantidade).";"Cadastros > Produtos: preencher densidade do granel (e volume/unidade)"
"0017";"PRF-AFEE-0006";"PERFUME BAD ANGEL 30ML";"AFEER OF ARABIAN";"75";"";"Faltam dados pra calcular (volume nominal, densidade de granel ou quantidade).";"Cadastros > Produtos: preencher densidade do granel (e volume/unidade)"
"0017";"PRF-AFEE-0003";"PERFUME ASAD AFEER 30ML";"AFEER OF ARABIAN";"2062";"";"Faltam dados pra calcular (volume nominal, densidade de granel ou quantidade).";"Cadastros > Produtos: preencher densidade do granel (e volume/unidade)"
"0017";"PRF-AFEE-0004";"PERFUME ASAD ELIXIR 30ML";"AFEER OF ARABIAN";"268";"";"Faltam dados pra calcular (volume nominal, densidade de granel ou quantidade).";"Cadastros > Produtos: preencher densidade do granel (e volume/unidade)"
"0017";"PRF-AFEE-0005";"PERFUME N 1 VIP MAN BLACK 30ML";"AFEER OF ARABIAN";"3000";"";"Sem Fórmula/BOM cadastrada.";"Cadastros > Formulas/BOM: cadastrar a formula e o BOM"
"0017";"PRF-AFEE-0007";"PERFUME BLEU AFEER 30ML";"AFEER OF ARABIAN";"3000";"";"Sem Fórmula/BOM cadastrada.";"Cadastros > Formulas/BOM: cadastrar a formula e o BOM"
"0017";"PRF-AFEE-0009";"PERFUME ALTAR AL WESAL 30ML";"AFEER OF ARABIAN";"3000";"";"Faltam dados pra calcular (volume nominal, densidade de granel ou quantidade).";"Cadastros > Produtos: preencher densidade do granel (e volume/unidade)"
"0017";"PRF-AFEE-0010";"PERFUME FAKHAR ROSE 30ML";"AFEER OF ARABIAN";"3000";"";"Faltam dados pra calcular (volume nominal, densidade de granel ou quantidade).";"Cadastros > Produtos: preencher densidade do granel (e volume/unidade)"
"0016";"PRF-MENE-0001";"PERFUME WHITE DRESS 100ML";"MENELA";"75";"";"Faltam dados pra calcular (volume nominal, densidade de granel ou quantidade).";"Cadastros > Produtos: preencher densidade do granel (e volume/unidade)"
"0017";"PRF-AFEE-0011";"PERFUME YARA MOI 30ML";"AFEER OF ARABIAN";"3000";"";"Faltam dados pra calcular (volume nominal, densidade de granel ou quantidade).";"Cadastros > Produtos: preencher densidade do granel (e volume/unidade)"
"0017";"PRF-AFEE-0013";"PERFUME NIGHT BLUE 30ML";"AFEER OF ARABIAN";"3000";"";"Sem Fórmula/BOM cadastrada.";"Cadastros > Formulas/BOM: cadastrar a formula e o BOM"
"0017";"PRF-AFEE-0018";"PERFUME SABAH SUGAR 30ML";"AFEER OF ARABIAN";"270";"";"Faltam dados pra calcular (volume nominal, densidade de granel ou quantidade).";"Cadastros > Produtos: preencher densidade do granel (e volume/unidade)"
"0017";"PRF-AFEE-0020";"PERFUME MISSDANCE 16 30ML";"AFEER OF ARABIAN";"3000";"";"Sem Fórmula/BOM cadastrada.";"Cadastros > Formulas/BOM: cadastrar a formula e o BOM"
"0017";"PRF-AFEE-0022";"PERFUME NUIT ROYALE WOMAN 30ML";"AFEER OF ARABIAN";"3000";"";"Faltam dados pra calcular (volume nominal, densidade de granel ou quantidade).";"Cadastros > Produtos: preencher densidade do granel (e volume/unidade)"
"0017";"PRF-AFEE-0029";"PERFUME SIDORE 30ML";"AFEER OF ARABIAN";"394";"";"Faltam dados pra calcular (volume nominal, densidade de granel ou quantidade).";"Cadastros > Produtos: preencher densidade do granel (e volume/unidade)"
"0017";"PRF-AFEE-0030";"PERFUME T-GOLD 30ML";"AFEER OF ARABIAN";"937";"";"Faltam dados pra calcular (volume nominal, densidade de granel ou quantidade).";"Cadastros > Produtos: preencher densidade do granel (e volume/unidade)"
"0017";"PRF-AFEE-0031";"PERFUME ABELHINHA 30ML";"AFEER OF ARABIAN";"1038";"";"Faltam dados pra calcular (volume nominal, densidade de granel ou quantidade).";"Cadastros > Produtos: preencher densidade do granel (e volume/unidade)"
"0017";"PRF-AFEE-0032";"PERFUME TAWUS 30ML";"AFEER OF ARABIAN";"249";"";"Faltam dados pra calcular (volume nominal, densidade de granel ou quantidade).";"Cadastros > Produtos: preencher densidade do granel (e volume/unidade)"
"0017";"PRF-AFEE-0033";"PERFUME LEA 30ML";"AFEER OF ARABIAN";"2064";"";"Faltam dados pra calcular (volume nominal, densidade de granel ou quantidade).";"Cadastros > Produtos: preencher densidade do granel (e volume/unidade)"
"0017";"PRF-AFEE-0034";"PERFUME DALAL 30ML";"AFEER OF ARABIAN";"3000";"";"Sem Fórmula/BOM cadastrada.";"Cadastros > Formulas/BOM: cadastrar a formula e o BOM"
"0017";"PRF-AFEE-0035";"PERFUME SUPREMACY 30ML";"AFEER OF ARABIAN";"3000";"";"Sem Fórmula/BOM cadastrada.";"Cadastros > Formulas/BOM: cadastrar a formula e o BOM"
"0017";"PRF-AFEE-0014";"PERFUME ZAFIYR 30ML";"AFEER OF ARABIAN";"84";"";"Faltam dados pra calcular (volume nominal, densidade de granel ou quantidade).";"Cadastros > Produtos: preencher densidade do granel (e volume/unidade)"
"0018";"PRF-ROSA-0003";"PERFUME FEMININO GOOD 50ml";"Rosa Rainha";"34";"";"Sem Fórmula/BOM cadastrada.";"Cadastros > Formulas/BOM: cadastrar a formula e o BOM"
"0017";"PRF-AFEE-0015";"PERFUME DELILAH 30ML";"AFEER OF ARABIAN";"1";"";"Faltam dados pra calcular (volume nominal, densidade de granel ou quantidade).";"Cadastros > Produtos: preencher densidade do granel (e volume/unidade)"
"0017";"PRF-AFEE-0017";"PERFUME YARA ELIXIR 30ML";"AFEER OF ARABIAN";"39";"";"Faltam dados pra calcular (volume nominal, densidade de granel ou quantidade).";"Cadastros > Produtos: preencher densidade do granel (e volume/unidade)"
"0020";"KUBPBA01";"BASE PARA PERFUME FINA BASE 1l";"Paraiso das Essencias";"511";"";"Faltam dados pra calcular (volume nominal, densidade de granel ou quantidade).";"Cadastros > Produtos: preencher densidade do granel (e volume/unidade)"
"0022";"BBSJBS05-2";"Body Splash Zahra 120 ml";"Briá Beauty";"4738";"";"Faltam dados pra calcular (volume nominal, densidade de granel ou quantidade).";"Cadastros > Produtos: preencher densidade do granel (e volume/unidade)"
"0023";"HDR-MISS-0002";"HIDRATANTE LEAO DO DESERTO BOURBON 200g";"MISS ROSE";"12075";"";"Faltam dados pra calcular (volume nominal, densidade de granel ou quantidade).";"Cadastros > Produtos: preencher densidade do granel (e volume/unidade)"
"0017";"PRF-AFEE-0026";"PERFUME ROYAL AMBER 30ML";"AFEER OF ARABIAN";"139";"";"Faltam dados pra calcular (volume nominal, densidade de granel ou quantidade).";"Cadastros > Produtos: preencher densidade do granel (e volume/unidade)"
"0017";"PRF-AFEE-0028";"PERFUME ZANZIBAR 30ML";"AFEER OF ARABIAN";"154";"";"Faltam dados pra calcular (volume nominal, densidade de granel ou quantidade).";"Cadastros > Produtos: preencher densidade do granel (e volume/unidade)"
"0020";"KUBPBA01 - 2";"BASE PARA PERFUME FINA BASE 500ml";"Paraiso das Essencias";"1440";"";"Produto não encontrado no cadastro.";"Cadastros > Produtos: o SKU do pedido nao existe no cadastro (SKU renomeado?)"
"05";"FBOC0002";"OLEO CORPORAL SORVETE DE MORANGO 120ML";"FEBELLA BEAUTY";"648";"";"Faltam dados pra calcular (volume nominal, densidade de granel ou quantidade).";"Cadastros > Produtos: preencher densidade do granel (e volume/unidade)"
"26";"BSP-SEUN-0001";"BODY SPLASH SOLAR GLOW MIST 150ML";"SEUNOURA";"164";"";"Produto não encontrado no cadastro.";"Cadastros > Produtos: o SKU do pedido nao existe no cadastro (SKU renomeado?)"
"PED-0007";"WKBS0005";"BODY SPLASH CLAIRE 120ML";"WIKE MAKE COSMETICOS";"3472";"";"Faltam dados pra calcular (volume nominal, densidade de granel ou quantidade).";"Cadastros > Produtos: preencher densidade do granel (e volume/unidade)"
"PED-0003";"MRARBS02";"BODY SPLASH DEUSA DO NILO";"MISS ROSE";"20000";"";"Faltam dados pra calcular (volume nominal, densidade de granel ou quantidade).";"Cadastros > Produtos: preencher densidade do granel (e volume/unidade)"
"0018";"PRF-ROSA-0005";"PERFUME MASCULINO VIP MEN 50ml";"Rosa Rainha";"12";"";"Sem Fórmula/BOM cadastrada.";"Cadastros > Formulas/BOM: cadastrar a formula e o BOM"
"PED-0002";"MRARBS03";"BODY SPLASH ECLIPSE DOURADO";"MISS ROSE";"7411";"";"Faltam dados pra calcular (volume nominal, densidade de granel ou quantidade).";"Cadastros > Produtos: preencher densidade do granel (e volume/unidade)"
"PED-0002";"MRARBS04";"BODY SPLASH NÉCTAR DAS TAMARAS";"MISS ROSE";"22742";"";"Faltam dados pra calcular (volume nominal, densidade de granel ou quantidade).";"Cadastros > Produtos: preencher densidade do granel (e volume/unidade)"
"PED-0003";"MRARBS04";"BODY SPLASH NÉCTAR DAS TAMARAS";"MISS ROSE";"10000";"";"Faltam dados pra calcular (volume nominal, densidade de granel ou quantidade).";"Cadastros > Produtos: preencher densidade do granel (e volume/unidade)"
"PED-0006";"MRBR0001";"BRUMA MATTE FIX 120ML";"MISS ROSE";"28554";"";"Faltam dados pra calcular (volume nominal, densidade de granel ou quantidade).";"Cadastros > Produtos: preencher densidade do granel (e volume/unidade)"
"PED-0004";"MRARHD01";"CREME HIDRATANTE CORPORAL AURORA IMPERIAL";"MISS ROSE";"20832";"";"Faltam dados pra calcular (volume nominal, densidade de granel ou quantidade).";"Cadastros > Produtos: preencher densidade do granel (e volume/unidade)"
"PED-0004";"MRARHD02";"CREME HIDRATANTE CORPORAL DEUSA DO NILO";"MISS ROSE";"16704";"";"Faltam dados pra calcular (volume nominal, densidade de granel ou quantidade).";"Cadastros > Produtos: preencher densidade do granel (e volume/unidade)"
"PED-0004";"MRARHD03";"CREME HIDRATANTE CORPORAL ECLIPSE DOURADO";"MISS ROSE";"23766";"";"Faltam dados pra calcular (volume nominal, densidade de granel ou quantidade).";"Cadastros > Produtos: preencher densidade do granel (e volume/unidade)"
"PED-0004";"MRARHD04";"CREME HIDRATANTE CORPORAL NÉCTAR DAS TÂMARAS";"MISS ROSE";"29477";"";"Faltam dados pra calcular (volume nominal, densidade de granel ou quantidade).";"Cadastros > Produtos: preencher densidade do granel (e volume/unidade)"
"26";"ESP-SEUN-0001";"ESPUMA DE LIMPEZA FACIAL 100ML";"SEUNOURA";"73";"";"Faltam dados pra calcular (volume nominal, densidade de granel ou quantidade).";"Cadastros > Produtos: preencher densidade do granel (e volume/unidade)"
"PED-0005";"MRFX0001";"FIXADOR FIX MATTE 120ML";"MISS ROSE";"61376";"";"Faltam dados pra calcular (volume nominal, densidade de granel ou quantidade).";"Cadastros > Produtos: preencher densidade do granel (e volume/unidade)"
"05";"FBBS0002";"BODY SPLASH SORVETE DE MORANGO 120ML";"FEBELLA BEAUTY";"451";"";"Faltam dados pra calcular (volume nominal, densidade de granel ou quantidade).";"Cadastros > Produtos: preencher densidade do granel (e volume/unidade)"
"05";"FBHD0002";"HIDRATANTE SORVETE DE MORANGO 120ML";"FEBELLA BEAUTY";"100";"";"Faltam dados pra calcular (volume nominal, densidade de granel ou quantidade).";"Cadastros > Produtos: preencher densidade do granel (e volume/unidade)"
"05";"FBMF0002";"MOUSSE FACIAL SORVETE DE MORANGO 150ML";"FEBELLA BEAUTY";"16";"";"Faltam dados pra calcular (volume nominal, densidade de granel ou quantidade).";"Cadastros > Produtos: preencher densidade do granel (e volume/unidade)"